"","WindowOpen","WindowClose","Variable","Int","EST","SE","R2"
"1",-34,22,1,126.702983296911,-3.58845606710882,0.207149469431997,0.399802670425583
