"","WindowOpen","WindowClose","Variable","Int","EST","SE","R2"
"1",-184,-176,2,143.021455778189,-2.53119487482248,0.169547737643196,0.330727774441305
