"","WindowOpen","WindowClose","Variable","Int","EST","SE","R2"
"1",-239,-238,1,136.356468333062,-2.08489895999023,0.119232205538606,0.404320901740237
