"","WindowOpen","WindowClose","Variable","Int","EST","SE","R2"
"1",-22,52,1,157.094748315446,-5.50605012819769,0.262991047346482,0.493415056429369
