"","WindowOpen","WindowClose","Variable","Int","EST","SE","R2"
"1",1,19,1,42.4088429212466,-2.75563411996671,0.0804136583292238,0.945981329906276
