"","yvar","climate"
"1",22,0.0111699673503082
"2",21,0.00196932056449118
"3",25,0.02847851465111
"4",24,0.0170615322259267
"5",23,0.0168564355155516
"6",22,0.0095927995586604
"7",21,-0.00542129240882028
"8",23,0.0173927369454412
"9",18,-0.0135161469804843
"10",23,0.012969307400946
