"","yvar","climate"
"1",26,6.06501545413563
"2",27,6.10877500294351
"3",21,3.49235109814528
"4",24,4.45282172587061
"5",28,6.95282265203774
"6",26,5.58536027470664
"7",24,5.06372763896984
"8",27,6.70068220110379
"9",25,5.80551973650005
"10",25,5.54375112026977
