"","yvar","climate"
"1",26,5.92532942686769
"2",25,6.26239452852681
"3",24,6.32893310282256
"4",23,6.56559508323129
"5",29,5.17391802672857
"6",30,4.95882393054121
"7",21,6.72291238119934
"8",27,5.76194331428845
"9",28,5.44569964590963
"10",26,5.93116921184151
