"","warming_C","sprT.forecast","winT.forecast","chill.forecast","bb.sprtemp.0","bb.sprtemp.1","bb.sprtemp.2","bb.sprtemp.3","bb.sprtemp.4","bb.sprtemp.5","bb.sprtemp.6","bb.sprtemp.7"
"bb.wintemp.0",0,9.64391470198293,4.33913621459292,124.945732482739,14.1595974051076,13.3775882635511,12.5955791219946,11.8135699804381,11.0315608388816,10.2495516973251,9.4675425557686,8.6855334142121
"bb.wintemp.1",1,10.6439147019829,5.66045644395489,125.310194005328,14.107171757786,13.3251626162295,12.543153474673,11.7611443331165,10.97913519156,10.1971260500035,9.41511690844698,8.63310776689048
"bb.wintemp.2",2,11.6439147019829,6.65783907312137,125.213653875741,14.1210584878588,13.3390493463023,12.5570402047457,11.7750310631892,10.9930219216327,10.2110127800762,9.42900363851975,8.64699449696325
"bb.wintemp.3",3,12.6439147019829,7.66102116009473,124.305577605423,14.25167992068,13.4696707791235,12.687661637567,11.9056524960105,11.123643354454,10.3416342128975,9.55962507134101,8.77761592978452
"bb.wintemp.4",4,13.6439147019829,8.66717740433147,122.825681389888,14.4645542908388,13.6825451492822,12.9005360077257,12.1185268661692,11.3365177246127,10.5545085830562,9.77249944149975,8.99049029994325
"bb.wintemp.5",5,14.6439147019829,9.66872172913214,120.793971528817,14.7568038097446,13.9747946681881,13.1927855266316,12.4107763850751,11.6287672435186,10.8467581019621,10.0647489604056,9.28273981884912
"bb.wintemp.6",6,15.6439147019829,10.6713742940876,118.233867957522,15.125059657391,14.3430505158345,13.561041374278,12.7790322327215,11.997023091165,11.2150139496085,10.433004808052,9.65099566649549
"bb.wintemp.7",7,16.6439147019829,11.6693977715249,115.116385442601,15.5734911891958,14.7914820476393,14.0094729060828,13.2274637645263,12.4454546229698,11.6634454814133,10.8814363398568,10.0994271983003
