"","warming_C","sprT.forecast","winT.forecast","chill.forecast","bb.sprtemp.0","bb.sprtemp.1","bb.sprtemp.2","bb.sprtemp.3","bb.sprtemp.4","bb.sprtemp.5","bb.sprtemp.6","bb.sprtemp.7"
"bb.wintemp.0",0,2.55395421577824,-0.949613837239734,97.3252085797653,23.6310534277818,22.8521129605906,22.0731724933993,21.2942320262081,20.5152915590169,19.7363510918256,18.9574106246344,18.1784701574431
"bb.wintemp.1",1,3.55395421577824,0.361641788733427,110.904458239558,21.6836313151295,20.9046908479382,20.125750380747,19.3468099135557,18.5678694463645,17.7889289791732,17.009988511982,16.2310480447908
"bb.wintemp.2",2,4.55395421577824,1.35147210283322,115.467912011556,21.0291790435898,20.2502385763986,19.4712981092073,18.6923576420161,17.9134171748248,17.1344767076336,16.3555362404423,15.5765957732511
"bb.wintemp.3",3,5.55395421577824,2.35545922034216,119.218323721158,20.4913264465899,19.7123859793987,18.9334455122075,18.1545050450162,17.375564577825,16.5966241106337,15.8176836434425,15.0387431762512
"bb.wintemp.4",4,6.55395421577824,3.35548762393666,122.457308594665,20.0268183976739,19.2478779304826,18.4689374632914,17.6899969961002,16.9110565289089,16.1321160617177,15.3531755945264,14.5742351273352
"bb.wintemp.5",5,7.55395421577824,4.35507093207993,125.072106190579,19.6518260537692,18.8728855865779,18.0939451193867,17.3150046521954,16.5360641850042,15.757123717813,14.9781832506217,14.1992427834305
"bb.wintemp.6",6,8.55395421577824,5.35812210805426,127.070214963893,19.3652740493417,18.5863335821504,17.8073931149592,17.0284526477679,16.2495121805767,15.4705717133854,14.6916312461942,13.912690779003
"bb.wintemp.7",7,9.55395421577824,6.35674127544609,128.352736178954,19.1813456117085,18.4024051445173,17.623464677326,16.8445242101348,16.0655837429436,15.2866432757523,14.5077028085611,13.7287623413698
