"","mainmod","mainmodwcov"
"mu_a_sp",29.8059451280647,29.7775402391364
"mu_b_force_sp",-4.3636232576156,-4.33366111742156
"mu_b_photo_sp",-2.92453106548291,-2.95523417551117
"mu_b_chill_sp",-8.32714215990877,-8.34139935957345
