"datasetIDlatlong","Chilling_Hours","Utah_Model","Chill_portions"
"basler12_46.2_7.033_",2291,2219.5,133.762425634998
"basler12_46.85_9.53_",1929,1742.5,125.895151256665
"ashby62_42.988_-89.412_",1356,877,98.7993000741226
"ashby62_44.87_-89.92_",1114,874,89.0070562359398
"ashby62_41.947_-86.334_",1733,1044.5,113.157728760198
