"","Intercept","force","photo","chill"
"Intercept",1,0.0458865299820174,-0.518765207759865,-0.488002258670645
"force",0.0458865299820174,1,-0.296365602313175,-0.00214474537125205
"photo",-0.518765207759865,-0.296365602313175,1,0.299030865412261
"chill",-0.488002258670645,-0.00214474537125205,0.299030865412261,1
