"","mean","se_mean","sd","2.5%","25%","50%","75%","97.5%","n_eff","Rhat"
"mu_a_sp",30.4283312067624,0.0334299937775954,1.88662193835974,26.6497639091414,29.1985655482144,30.448915947438,31.6927538595483,34.0543684301748,3184.91003369751,0.999901612167136
"mu_b_force_sp",-5.22445455872009,0.0265229842295861,1.30772421058262,-7.79354199916985,-6.06468372605586,-5.23902618171001,-4.3382934625476,-2.62062253544189,2431.01452746288,1.00134621227596
"mu_b_photo_sp",-2.40290831887541,0.033117418842129,1.31523921592405,-5.01093342791945,-3.25677145531051,-2.38648209708834,-1.53180140718027,0.119951448432053,1577.23547902935,1.0024116654365
"mu_b_chill_sp",-9.34554859396586,0.0415576766117466,1.78869961873653,-12.7703082687118,-10.5475856843744,-9.38246002097923,-8.2032030144773,-5.72013981584996,1852.56011840928,1.00025645748439
"sigma_a_sp",9.48940869441977,0.0278098528330882,1.44531089066731,7.01900601974263,8.4720059141736,9.38278825062875,10.411667251852,12.6363433164497,2701.00363769877,1.00030053903202
"sigma_b_force_sp",5.78365165081446,0.0361876047302097,1.16443934117188,3.79465563654913,4.9836726422461,5.68360071603991,6.47491568850697,8.38687802224282,1035.41407384434,1.00532332291208
"sigma_b_photo_sp",4.2673063304776,0.0718971540252203,1.45986440366537,1.78177102880004,3.26443828983145,4.14307659741187,5.10891318249856,7.55237598832067,412.288896737786,1.01095946968373
"sigma_b_chill_sp",7.29408906113636,0.0371211765552698,1.46557886181889,4.92506668512004,6.23092609415475,7.14501919354875,8.14416858918284,10.5929051711253,1558.74444781782,1.00032459839681
"sigma_y",23.5318256193392,0.00582901558908111,0.410604559496244,22.7179312949779,23.2581975661662,23.5244583580876,23.8054677737526,24.3494060943655,4962.00390419214,0.999954396483758
