"","WindowOpen","WindowClose","Variable","Int","EST","SE","R2"
"1",1,24,1,46.1226246606401,-3.4395652931857,0.148363535937566,0.888975092429271
