"","WindowOpen","WindowClose","Variable","Int","EST","SE","R2"
"1",0,24,1,40.8948268520047,-2.55715850230388,0.0669297631259202,0.956086999621006
