"","WindowOpen","WindowClose","Variable","Int","EST","SE","R2"
"1",1,23,1,44.3949142490966,-3.14425261696334,0.0900993149821021,0.947812999595287
