"","yvar","climate"
"1",28,5.34304969335363
"2",20,7.88795998087037
"3",24,6.17737153944999
"4",27,5.20327112300981
"5",27,5.21330237826806
"6",23,6.84687402582755
"7",22,7.038376594763
"8",27,5.16429655159142
"9",23,6.6750562764218
"10",25,6.11704213363399
