"","yvar","climate"
"1",26,5.91330346247661
"2",28,5.54108988771447
"3",25,6.18099003024711
"4",25,6.29323192525031
"5",24,6.34656822246463
"6",26,6.10178625576879
"7",25,6.02820144772787
"8",22,6.82646900079702
"9",28,5.26878260760606
"10",26,5.96800184794477
