"","yvar","climate"
"1",22,-0.00127877239805597
"2",21,-0.0175488891623314
"3",25,0.0345314123640143
"4",24,0.0190942109071415
"5",23,0.00995990456138243
"6",22,-0.0178325467098925
"7",21,-0.0194423742825447
"8",23,0.0178842886768989
"9",18,-0.0672388884047549
"10",23,0.0207600578609885
