"","yvar","climate"
"1",17,-0.00217144185034304
"2",18,-0.00716658371300989
"3",16,0.00874628105393948
"4",17,0.00173420555719512
"5",17,-0.000617662160039634
"6",17,0.0010336871281733
"7",15,0.0163839419413502
"8",19,-0.0117537825636019
"9",18,-0.00712089785260062
"10",17,-0.000567342104426904
