"","yvar","climate"
"1",15,3.54181377475501
"2",15,-0.28126956150438
"3",16,-3.15553156421863
"4",16,-1.98982656005632
"5",15,2.06374438281397
"6",16,-2.96410001879043
"7",15,2.44947481387213
"8",16,-4.10024110002206
"9",15,1.96552161443339
"10",16,-4.05130671085637
