"","yvar","climate"
"1",19,0.00313879203360886
"2",17,-0.0291197577916982
"3",19,0.00865297297737244
"4",19,0.00348111985184948
"5",19,0.00281685488327711
"6",19,0.00385672248183887
"7",19,0.00404939858254917
"8",19,0.00191655933751918
"9",19,-0.00253416901539032
"10",18,-0.0109931427328987
