Model,nsps,elpd_diff,se_diff,elpd_loo,se_elpd_loo
phylo.FULL.c,117,0,0,-10951.57927,75.85827637
NOphylo.FULL.b,117,-0.543111109,0.591327747,-10952.12239,75.80314884
phylo.int.slope,117,-0.729725786,2.427434551,-10952.309,75.723124
phylo.int.only,117,-242.3752625,25.72665616,-11193.95454,75.0307041
NOphylo.FULL,117,-242.5815496,25.69052496,-11194.16082,75.09682333
NOphylo.FULL.b.sps,215,0,0,-14195.89791,89.9292618
phylo.FULL.c.sps,215,-1.945200656,2.410917044,-14197.84311,90.07455729
phylo.int.only.sps,215,-302.8426832,27.21650046,-14498.74059,89.75867558
NOphylo.FULL.sps,215,-305.0350316,27.30609914,-14500.93294,89.76455198
